{
  "accuracy": 0.879,
  "precision_weighted": 0.878999178550964,
  "recall_weighted": 0.879,
  "f1_weighted": 0.8789775843129244
}